﻿{
  "DataContractVersion": "1.1",
  "DocumentTypes": [
    {
      "Connections": [],
      "DocumentTypeId": "NoGroup.NoCategory.Invoices",
      "Group": "",
      "Category": "",
      "Name": "Invoices",
      "OptionalUniqueIdentifier": "",
      "TypeField": {
        "FieldId": "NoGroup.NoCategory.Invoices.DocumentType",
        "FieldName": "Document Type"
      },
      "Fields": [
        {
          "FieldId": "NoGroup.NoCategory.Invoices.InvoiceNumber",
          "FieldName": "Invoice Number",
          "IsMultiValue": false,
          "Type": "Number",
          "DeriveFieldsFormat": "",
          "Components": [],
          "SetValues": [],
          "Metadata": [
            {
              "Key": "Color",
              "Value": "#038a18"
            },
            {
              "Key": "Hotkey",
              "Value": "v"
            }
          ],
          "RuleSet": null,
          "DefaultValue": "",
          "DataSource": null
        },
        {
          "FieldId": "NoGroup.NoCategory.Invoices.BilledTo",
          "FieldName": "Billed To",
          "IsMultiValue": false,
          "Type": "Name",
          "DeriveFieldsFormat": "",
          "Components": [],
          "SetValues": [],
          "Metadata": [
            {
              "Key": "Color",
              "Value": "#fa6616"
            },
            {
              "Key": "Hotkey",
              "Value": "l"
            }
          ],
          "RuleSet": null,
          "DefaultValue": "",
          "DataSource": null
        },
        {
          "FieldId": "NoGroup.NoCategory.Invoices.DueDate",
          "FieldName": "Due Date",
          "IsMultiValue": false,
          "Type": "Date",
          "DeriveFieldsFormat": "",
          "Components": [],
          "SetValues": [],
          "Metadata": [
            {
              "Key": "Color",
              "Value": "#8a97a0"
            },
            {
              "Key": "Hotkey",
              "Value": "e"
            }
          ],
          "RuleSet": null,
          "DefaultValue": "",
          "DataSource": null
        },
        {
          "FieldId": "NoGroup.NoCategory.Invoices.AmountDue",
          "FieldName": "Amount Due",
          "IsMultiValue": false,
          "Type": "Number",
          "DeriveFieldsFormat": "",
          "Components": [],
          "SetValues": [],
          "Metadata": [
            {
              "Key": "Color",
              "Value": "#6eb84a"
            },
            {
              "Key": "Hotkey",
              "Value": "a"
            }
          ],
          "RuleSet": null,
          "DefaultValue": "",
          "DataSource": null
        }
      ]
    }
  ],
  "Groups": [],
  "SupportedLanguages": [
    {
      "Name": "Undetermined Language",
      "Code": "und"
    },
    {
      "Name": "Bulgarian",
      "Code": "bul"
    },
    {
      "Name": "Cantonese",
      "Code": "yue"
    },
    {
      "Name": "Danish",
      "Code": "dan"
    },
    {
      "Name": "Dutch",
      "Code": "nld"
    },
    {
      "Name": "English",
      "Code": "eng"
    },
    {
      "Name": "French",
      "Code": "fra"
    },
    {
      "Name": "Georgian",
      "Code": "kat"
    },
    {
      "Name": "German",
      "Code": "deu"
    },
    {
      "Name": "Greek",
      "Code": "ell"
    },
    {
      "Name": "Hebrew",
      "Code": "heb"
    },
    {
      "Name": "Hindi",
      "Code": "hin"
    },
    {
      "Name": "Italian",
      "Code": "ita"
    },
    {
      "Name": "Japanese",
      "Code": "jpn"
    },
    {
      "Name": "Korean",
      "Code": "kor"
    },
    {
      "Name": "Macedonian",
      "Code": "mkd"
    },
    {
      "Name": "Mandarin",
      "Code": "zho"
    },
    {
      "Name": "Marathi",
      "Code": "mar"
    },
    {
      "Name": "Norwegian",
      "Code": "nor"
    },
    {
      "Name": "Polish",
      "Code": "pol"
    },
    {
      "Name": "Portuguese",
      "Code": "por"
    },
    {
      "Name": "Romanian",
      "Code": "ron"
    },
    {
      "Name": "Russian",
      "Code": "rus"
    },
    {
      "Name": "Serbian",
      "Code": "srp"
    },
    {
      "Name": "Spanish",
      "Code": "spa"
    },
    {
      "Name": "Swedish",
      "Code": "swe"
    },
    {
      "Name": "Telugu",
      "Code": "tel"
    },
    {
      "Name": "Turkish",
      "Code": "tur"
    }
  ]
}